email,contact,name
user461@invalid,2253659,
user921@test.com,9941429140,
user325@test.com,3394700953,
user205@test.com,9375580421,
user193@test,3397874,
user474@test,5575906156,
user556@test.com,2874253913,Eve
user782@test,8506070537,Eve
user749@example.com,3143215382,
user874@invalid,4314154,Charlie
user23@invalid,2145379,Bob
user576@mail.com,6893767310,Bob
user485@test,1035913,Charlie
user450@invalid,6478433,Charlie
user471@test.com,99554437652,Bob
user143@mail.com,1887832691,
user670@test.com,2574728343,Charlie
user442@test.com,6622683,
user399@test,6273879306,
user679@invalid,3145400034,
user93@example.com,9271241112,Bob
user171@invalid,26982739328,Dana
user305@invalid,0283960832,Dana
user463@example.com,62608,Eve
user36@test.com,9807573,
user654@mail.com,6960358,Alice
user605@invalid,7574227,Charlie
user935@invalid,3295499250,Bob
user728@test,03535,Charlie
user731@mail.com,21082639440,Dana
user515@invalid,16129,Charlie
user230@test,6819557579,
user982@mail.com,5646381144,
user121@mail.com,0848422864,
user416@invalid,03193,
user862@mail.com,32238473542,
user56@test,6238382086,Bob
user153@test,7445063454,Dana
user471@example.com,6454214426,Bob
user598@invalid,36050386392,
user387@example.com,3536429927,
user575@test,5717975556,Alice
user596@mail.com,06319999705,
user548@example.com,23598591330,
user368@invalid,1844030,
user825@invalid,9384227400,
user810@example.com,9641014,
user931@invalid,6507964387,
user165@invalid,80079,Eve
user303@test.com,31279882394,Alice
user673@mail.com,40228,
user190@invalid,02122,Dana
user512@test,4886511360,Alice
user429@invalid,83814,Alice
user28@invalid,3712509147,Dana
user113@test,71158,Bob
user280@test.com,2537149403,
user139@mail.com,5804799,
user393@invalid,33921090388,Dana
user962@invalid,1467649762,Charlie
user263@test,9433964703,Eve
user353@test.com,8469324,
user958@test,4023748853,Dana
user134@test,21965,Charlie
user631@invalid,44785585452,
user131@invalid,8357483,
user614@test,2040130,
user486@test,58105,Alice
user5@invalid,0971598954,Bob
user326@invalid,69598,
user99@test,0528866236,
user287@test.com,25785,Charlie
user47@test,2830242435,Bob
user129@test.com,5756960433,Eve
user828@test,38043,
user984@example.com,38383669516,
user480@invalid,12763302807,Alice
user93@example.com,3790423,Dana
user431@test.com,6873000309,Dana
user940@example.com,7121040968,Eve
user374@mail.com,9366207,Alice
user138@mail.com,2632013696,
user891@invalid,8451713357,Eve
user742@mail.com,12309,Alice
user516@invalid,8069909854,
user600@test,6957941450,
user957@mail.com,96555619606,
user697@test.com,98316934918,Eve
user934@example.com,4124691144,
user731@example.com,26899,Bob
user253@test.com,01721,
user328@test,90258895908,Eve
user345@test,6380446462,Eve
user208@test,2215017548,
user674@mail.com,4487331108,Alice
user383@test,1841666,
user204@invalid,7070610543,Bob
user424@test,60266,Charlie
user333@test.com,54532399255,Eve
user646@example.com,52600,Eve
